date,title,url,target_keyword,gap,status
2026-09-21,"Instagram Transcript Generator: Timestamped Text, TXT and SRT",https://instascript.app/instagram-transcript-generator,"instagram transcript generator","Reproducible Reel workflow plus timestamp/TXT/SRT/privacy/performance details",published
2026-09-23,"Instagram Reels Transcript: URL, TXT and SRT",https://instascript.app/instagram-reels-transcript,"instagram reels transcript","Reproducible public Reel URL versus saved-file workflow plus timestamp/TXT/SRT/privacy/performance details",published
2026-09-24,"Instagram Video to Text: Transcript, TXT and SRT",https://instascript.app/instagram-video-to-text,"instagram video to text","Instagram public URL versus saved-file failure boundaries; spoken-audio scope; timestamped TXT/SRT contract; privacy and measured processing limits",published
2026-09-25,"Reels to Text: Spoken Transcript, TXT and SRT",https://instascript.app/reels-to-text,"reels to text","Reproducible public Reel URL versus saved-file workflow; spoken-audio boundary; timestamped TXT/SRT output; privacy and measured processing limits",published
2026-09-26,"Instagram Caption Extractor: Caption Text vs Transcript",https://instascript.app/instagram-caption-extractor,"instagram caption extractor","Written post caption versus spoken transcript boundary; verification checks for music, speakers, accents, non-English speech, and on-screen text",published
2026-09-26,"TXT to SRT Converter: Editable SRT and VTT",https://instascript.app/txt-to-srt,"txt to srt","Browser-only plain text to editable SRT/VTT timing; local TXT/SRT/VTT input; no upload, account, history or batch files",published
2026-09-26,"VTT to SRT Converter: VTT, SRT and SBV",https://instascript.app/vtt-to-srt,"vtt to srt","One local subtitle editor for VTT to SRT, SRT to VTT and SBV input; copy/download in the browser; no upload, login or batch files",published
2026-09-28,"Subtitle Editor: Edit SRT, VTT and SBV in Your Browser",https://instascript.app/subtitle-editor,"subtitle editor","Per-cue timing and text editing in an editable browser table, shift all timecodes at once, add/remove entries, SRT and VTT export, and an explicit no-video-preview, no-waveform, no-transcription boundary; one local file at a time",published
2026-09-28,"ASS to SRT Converter: Convert ASS and SSA Subtitles",https://instascript.app/ass-to-srt,"ass to srt","ASS/SSA Events dialogue parsing with Format-column mapping, ASS timecodes to SRT milliseconds, line-break and inline-style normalization, local review/export, and explicit styling/video/transcription limits",published
2026-09-29,"YouTube Shorts Transcript: Read and Download Captions",https://instascript.app/youtube-shorts-transcript,"youtube shorts transcript","Shorts-specific URL and caption-availability failure boundaries; timed TXT/SRT export; browser processing boundary; review guidance for jump cuts, music, languages and on-screen text",published
2026-09-30,"Twitter Video Transcript: TXT and SRT Workflow",https://instascript.app/twitter-video-transcript,"twitter video transcript","Public X/Twitter URL versus permitted saved-file failure boundaries; spoken-audio scope; timed TXT/SRT artifact; browser processing boundary; verification for music, crosstalk, accents and on-screen text",published
